<?xml version="1.0" encoding="UTF-8"?><root><part><partNumber>IW01</partNumber><punctuatedPartNumber>IW01</punctuatedPartNumber><partStatusDescr>Discontinued</partStatusDescr><partDescr>IDLER WHEEL-5-5/8"X3/4"</partDescr><uom>EA</uom><brandName>LEMANS CORPORATION</brandName><supplierNumber/><specialInstructions/><baseDealerPrice>4.9000</baseDealerPrice><yourDealerPrice>4.9000</yourDealerPrice><retailPrice>7.9500</retailPrice><originalRetailPrice>7.9500</originalRetailPrice><partImage/><productId/><productName/><productImage/><bullet1/><bullet2/><bullet3/><bullet4/><bullet5/><bullet6/><bullet7/><bullet8/><bullet9/><bullet10/><bullet11/><bullet12/><bullet13/><bullet14/><bullet15/><bullet16/><bullet17/><bullet18/><bullet19/><bullet20/><bullet21/><bullet22/><bullet23/><bullet24/></part></root>